transcript_id,cell_id,overlaps_nucleus,feature_name,x_location,y_location,z_location,qv,fov_name,nucleus_distance,geometry,he_x,he_y
281474976715117,b'aaaaimlc-1',1,b'VOPP1',501.45227,875.0407,15.365785,27.45373,b'A1',0.24132359,b'\x01\x01\x00\x00\x00??\x108\xd2\xac\xd0@=\x93@YP\xf1\xb9@',17075.28467184235,6641.313861881205
281474976721844,b'aaaaimlc-1',1,b'CD3E',500.61658,870.96906,15.79193,21.22792,b'A1',0.0,b'\x01\x01\x00\x00\x00\x1a\x1a\x90\xba\x8a\xb0\xd0@\xedY\x08+E\xee\xb9@',17090.167636895647,6638.270187875704
281474976727201,b'aaaaimlc-1',0,b'GPR183',504.1864,876.9214,14.0122795,30.935816,b'A1',3.5143147,b'\x01\x01\x00\x00\x00\xeb\t_\xfd\x19\xab\xd0@Nb~\xe4I\xfb\xb9@',17068.406089553533,6651.28864278698
281474976729376,b'aaaaimlc-1',0,b'CCL8',502.70407,869.00073,12.496804,12.825748,b'A1',0.763097,b'\x01\x01\x00\x00\x00\xe3\xa9\xd7=X\xb2\xd0@$V\x9d\xda\xe3\xf5\xb9@',17097.378774562745,6645.890054544001
281474976737417,b'aaaaimlc-1',0,b'TCEAL7',497.77426,875.79205,14.529521,17.873547,b'A1',0.30116487,"b'\x01\x01\x00\x00\x00\xc7\xa2(\x1f""\xac\xd0@\xee\x07r\x9a\xea\xe3\xb9@'",17072.533151778185,6627.916419150291
281474976737418,b'aaaaimlc-1',0,b'TCEAL7',497.9314,876.4078,14.999023,37.71427,b'A1',0.70812213,b'\x01\x01\x00\x00\x00\x1e\xcclI\x92\xab\xd0@\x87\x86(\xe8|\xe4\xb9@',17070.28573150571,6628.48791745457
